{
    "Flight_plan_21": [
        [
            32.7782867072,
            -96.8046464982
        ],
        [
            32.9021868785,
            -97.2777016959
        ]
    ],
    "Flight_plan_22": [
        [
            32.9466229245,
            -96.6318405474
        ],
        [
            32.7505791597,
            -97.0841943544
        ]
    ],
    "Flight_plan_23": [
        [
            32.7081265686,
            -97.3586033542
        ],
        [
            33.0270319203,
            -97.1039357919
        ]
    ],
    "Flight_plan_24": [
        [
            32.9915145209,
            -97.1866644314
        ],
        [
            32.9907091371,
            -96.6611298887
        ]
    ],
    "Flight_plan_25": [
        [
            32.9020118731,
            -97.2774446221
        ],
        [
            33.0251772405,
            -96.6965192808
        ]
    ]
}