{
    "Flight_plan_81": [
        [
            32.8443092,
            -96.8614056
        ],
        [
            32.7092181611,
            -97.3632879336
        ]
    ],
    "Flight_plan_82": [
        [
            32.8443092,
            -96.8614056
        ],
        [
            32.7092181611,
            -97.3632879336
        ]
    ],
    "Flight_plan_83": [
        [
            32.9934469,
            -97.3133984
        ],
        [
            32.7789341606,
            -96.8034185345
        ]
    ],
    "Flight_plan_84": [
        [
            32.9934469,
            -97.3133984
        ],
        [
            32.9167433948,
            -96.7396280407
        ]
    ],
    "Flight_plan_85": [
        [
            32.9934469,
            -97.3133984
        ],
        [
            32.9803029707,
            -96.7166180479
        ]
    ]
}