{
    "Flight_plan_11": [
        [
            32.64043387,
            -96.9514139944
        ],
        [
            32.9803994265,
            -96.7164350473
        ]
    ],
    "Flight_plan_12": [
        [
            32.7508677176,
            -97.0838872824
        ],
        [
            32.9467685372,
            -96.6315451532
        ]
    ],
    "Flight_plan_13": [
        [
            32.6756856631,
            -97.4095502941
        ],
        [
            32.9915688989,
            -97.1867885381
        ]
    ],
    "Flight_plan_14": [
        [
            32.9466229245,
            -96.6318405474
        ],
        [
            33.0337819238,
            -97.0705762169
        ]
    ],
    "Flight_plan_15": [
        [
            32.7488714744,
            -96.8231793045
        ],
        [
            32.9919036278,
            -97.1870769251
        ]
    ]
}