{
    "Flight_plan_106": [
        [
            32.9060322,
            -97.0404002
        ],
        [
            33.0205461361,
            -96.6119180577
        ]
    ],
    "Flight_plan_107": [
        [
            32.9060322,
            -97.0404002
        ],
        [
            32.8028292845,
            -96.6057972427
        ]
    ],
    "Flight_plan_108": [
        [
            32.9934469,
            -97.3133984
        ],
        [
            32.6236054346,
            -96.9679983885
        ]
    ],
    "Flight_plan_109": [
        [
            32.9934469,
            -97.3133984
        ],
        [
            32.8020289912,
            -96.6058025182
        ]
    ],
    "Flight_plan_110": [
        [
            32.9934469,
            -97.3133984
        ],
        [
            32.7786230956,
            -96.8039760582
        ]
    ]
}