{
    "Flight_plan_71": [
        [
            32.8443092,
            -96.8614056
        ],
        [
            32.7351478049,
            -97.3438777579
        ]
    ],
    "Flight_plan_72": [
        [
            32.8443092,
            -96.8614056
        ],
        [
            32.7092181574,
            -97.3632879292
        ]
    ],
    "Flight_plan_73": [
        [
            32.801954546,
            -96.6062218646
        ],
        [
            32.9056390385,
            -97.0408396839
        ]
    ],
    "Flight_plan_74": [
        [
            32.9060322,
            -97.0404002
        ],
        [
            32.8028801803,
            -96.6058511694
        ]
    ],
    "Flight_plan_75": [
        [
            32.9060322,
            -97.0404002
        ],
        [
            33.0206413414,
            -96.6119757272
        ]
    ]
}