{
    "Flight_plan_31": [
        [
            32.6756856631,
            -97.4095502941
        ],
        [
            32.9061183861,
            -97.0404952877
        ]
    ],
    "Flight_plan_32": [
        [
            32.6756856631,
            -97.4095502941
        ],
        [
            32.9061183861,
            -97.0404952877
        ]
    ],
    "Flight_plan_33": [
        [
            32.801954546,
            -96.6062218646
        ],
        [
            32.9056390415,
            -97.0408396822
        ]
    ],
    "Flight_plan_34": [
        [
            32.8443092,
            -96.8614056
        ],
        [
            32.7092946744,
            -97.363367833
        ]
    ],
    "Flight_plan_35": [
        [
            33.0203255356,
            -96.612167492
        ],
        [
            32.9062272388,
            -97.0406537444
        ]
    ]
}