{
    "Flight_plan_96": [
        [
            32.9060322,
            -97.0404002
        ],
        [
            33.0206248884,
            -96.6118916669
        ]
    ],
    "Flight_plan_97": [
        [
            32.9934469,
            -97.3133984
        ],
        [
            32.8446843223,
            -96.8604100126
        ]
    ],
    "Flight_plan_98": [
        [
            32.9934469,
            -97.3133984
        ],
        [
            32.7489112002,
            -96.8223346943
        ]
    ],
    "Flight_plan_99": [
        [
            32.9934469,
            -97.3133984
        ],
        [
            32.9277880471,
            -96.7106586491
        ]
    ],
    "Flight_plan_100": [
        [
            32.9934469,
            -97.3133984
        ],
        [
            32.8442167507,
            -96.8610689519
        ]
    ]
}