{
    "Flight_plan_86": [
        [
            32.9934469,
            -97.3133984
        ],
        [
            32.8170254149,
            -96.6345269594
        ]
    ],
    "Flight_plan_87": [
        [
            32.9934469,
            -97.3133984
        ],
        [
            32.8329503899,
            -96.75422423
        ]
    ],
    "Flight_plan_88": [
        [
            32.9060322,
            -97.0404002
        ],
        [
            32.8020376792,
            -96.6058209684
        ]
    ],
    "Flight_plan_89": [
        [
            32.9934469,
            -97.3133984
        ],
        [
            32.9805974447,
            -96.7164087942
        ]
    ],
    "Flight_plan_90": [
        [
            32.9934469,
            -97.3133984
        ],
        [
            32.9468533384,
            -96.6313805535
        ]
    ]
}