{
    "Flight_plan_56": [
        [
            32.6756856631,
            -97.4095502941
        ],
        [
            32.9061183861,
            -97.0404952876
        ]
    ],
    "Flight_plan_57": [
        [
            32.9060322,
            -97.0404002
        ],
        [
            32.8028801803,
            -96.6058511694
        ]
    ],
    "Flight_plan_58": [
        [
            32.6756856631,
            -97.4095502941
        ],
        [
            32.9061183861,
            -97.0404952876
        ]
    ],
    "Flight_plan_59": [
        [
            32.6756856631,
            -97.4095502941
        ],
        [
            32.9061183861,
            -97.0404952876
        ]
    ],
    "Flight_plan_60": [
        [
            32.6756856631,
            -97.4095502941
        ],
        [
            32.9061183861,
            -97.0404952876
        ]
    ]
}