{
    "Flight_plan_6": [
        [
            32.9020118731,
            -97.2774446221
        ],
        [
            32.7788115917,
            -96.8039822771
        ]
    ],
    "Flight_plan_7": [
        [
            32.7081265686,
            -97.3586033542
        ],
        [
            33.0270319201,
            -97.1039357917
        ]
    ],
    "Flight_plan_8": [
        [
            32.6756856631,
            -97.4095502941
        ],
        [
            32.9915688989,
            -97.1867885381
        ]
    ],
    "Flight_plan_9": [
        [
            32.9934624553,
            -96.6371079753
        ],
        [
            32.9919938887,
            -97.1866818824
        ]
    ],
    "Flight_plan_10": [
        [
            32.6756856631,
            -97.4095502941
        ],
        [
            32.9915688989,
            -97.1867885381
        ]
    ]
}