{
    "Flight_plan_61": [
        [
            32.6756856631,
            -97.4095502941
        ],
        [
            32.9061183861,
            -97.0404952876
        ]
    ],
    "Flight_plan_62": [
        [
            32.801954546,
            -96.6062218646
        ],
        [
            32.9056390385,
            -97.0408396839
        ]
    ],
    "Flight_plan_63": [
        [
            32.6756856631,
            -97.4095502941
        ],
        [
            32.9061183861,
            -97.0404952876
        ]
    ],
    "Flight_plan_64": [
        [
            32.6756856631,
            -97.4095502941
        ],
        [
            32.9061183861,
            -97.0404952876
        ]
    ],
    "Flight_plan_65": [
        [
            32.6756856631,
            -97.4095502941
        ],
        [
            32.9061183861,
            -97.0404952876
        ]
    ]
}