{
    "Flight_plan_111": [
        [
            32.9934469,
            -97.3133984
        ],
        [
            32.8442126399,
            -96.8611033054
        ]
    ],
    "Flight_plan_112": [
        [
            32.9934469,
            -97.3133984
        ],
        [
            32.9905332832,
            -96.6608355681
        ]
    ]
}