{
    "Flight_plan_101": [
        [
            32.9934469,
            -97.3133984
        ],
        [
            32.8823857565,
            -96.7664471516
        ]
    ],
    "Flight_plan_102": [
        [
            32.9060322,
            -97.0404002
        ],
        [
            32.801985323,
            -96.6057611518
        ]
    ],
    "Flight_plan_103": [
        [
            32.9934469,
            -97.3133984
        ],
        [
            32.86321655,
            -96.7697567435
        ]
    ],
    "Flight_plan_104": [
        [
            32.9934469,
            -97.3133984
        ],
        [
            32.8822505843,
            -96.7665244401
        ]
    ],
    "Flight_plan_105": [
        [
            32.9934469,
            -97.3133984
        ],
        [
            32.6406244248,
            -96.9508787695
        ]
    ]
}