{
    "Flight_plan_36": [
        [
            32.8443092,
            -96.8614056
        ],
        [
            32.735156866,
            -97.3438902096
        ]
    ],
    "Flight_plan_37": [
        [
            32.801954546,
            -96.6062218646
        ],
        [
            32.9056390415,
            -97.0408396822
        ]
    ],
    "Flight_plan_38": [
        [
            32.9060322,
            -97.0404002
        ],
        [
            32.802880114,
            -96.6058511662
        ]
    ],
    "Flight_plan_39": [
        [
            32.6756856631,
            -97.4095502941
        ],
        [
            32.9061183861,
            -97.0404952877
        ]
    ],
    "Flight_plan_40": [
        [
            32.6756856631,
            -97.4095502941
        ],
        [
            32.9061183861,
            -97.0404952877
        ]
    ]
}