{
    "Flight_plan_76": [
        [
            32.8443092,
            -96.8614056
        ],
        [
            32.7092181574,
            -97.3632879292
        ]
    ],
    "Flight_plan_77": [
        [
            32.6756856631,
            -97.4095502941
        ],
        [
            32.9061183861,
            -97.0404952876
        ]
    ],
    "Flight_plan_78": [
        [
            32.6756856631,
            -97.4095502941
        ],
        [
            32.9061183849,
            -97.0404952887
        ]
    ],
    "Flight_plan_79": [
        [
            32.9060322,
            -97.0404002
        ],
        [
            32.8028801699,
            -96.6058511633
        ]
    ],
    "Flight_plan_80": [
        [
            32.8443092,
            -96.8614056
        ],
        [
            32.7092181611,
            -97.3632879336
        ]
    ]
}