{
    "Flight_plan_66": [
        [
            32.6756856631,
            -97.4095502941
        ],
        [
            32.9061183861,
            -97.0404952876
        ]
    ],
    "Flight_plan_67": [
        [
            32.9060322,
            -97.0404002
        ],
        [
            33.0206413414,
            -96.6119757272
        ]
    ],
    "Flight_plan_68": [
        [
            32.801954546,
            -96.6062218646
        ],
        [
            32.9056390385,
            -97.0408396839
        ]
    ],
    "Flight_plan_69": [
        [
            32.8443092,
            -96.8614056
        ],
        [
            32.7092181574,
            -97.3632879292
        ]
    ],
    "Flight_plan_70": [
        [
            32.801954546,
            -96.6062218646
        ],
        [
            32.9056390385,
            -97.0408396839
        ]
    ]
}