{
    "Flight_plan_1": [
        [
            32.6451586239,
            -96.900192401
        ],
        [
            32.8747416374,
            -97.2980396294
        ]
    ],
    "Flight_plan_2": [
        [
            33.0471788798,
            -97.0530247807
        ],
        [
            33.0207255857,
            -96.6121279792
        ]
    ],
    "Flight_plan_3": [
        [
            32.6451586239,
            -96.900192401
        ],
        [
            32.7344259197,
            -97.3390828244
        ]
    ],
    "Flight_plan_4": [
        [
            32.9902699455,
            -96.6611381227
        ],
        [
            32.9919516082,
            -97.1866838062
        ]
    ],
    "Flight_plan_5": [
        [
            32.8335464415,
            -96.7539956129
        ],
        [
            32.9919113675,
            -97.1869292133
        ]
    ],
    "Flight_plan_6": [
        [
            32.9020118731,
            -97.2774446221
        ],
        [
            32.7788115917,
            -96.8039822771
        ]
    ],
    "Flight_plan_7": [
        [
            32.7081265686,
            -97.3586033542
        ],
        [
            33.0270319201,
            -97.1039357917
        ]
    ],
    "Flight_plan_8": [
        [
            32.6756856631,
            -97.4095502941
        ],
        [
            32.9915688989,
            -97.1867885381
        ]
    ],
    "Flight_plan_9": [
        [
            32.9934624553,
            -96.6371079753
        ],
        [
            32.9919938887,
            -97.1866818824
        ]
    ],
    "Flight_plan_10": [
        [
            32.6756856631,
            -97.4095502941
        ],
        [
            32.9915688989,
            -97.1867885381
        ]
    ],
    "Flight_plan_11": [
        [
            32.64043387,
            -96.9514139944
        ],
        [
            32.9803994265,
            -96.7164350473
        ]
    ],
    "Flight_plan_12": [
        [
            32.7508677176,
            -97.0838872824
        ],
        [
            32.9467685372,
            -96.6315451532
        ]
    ],
    "Flight_plan_13": [
        [
            32.6756856631,
            -97.4095502941
        ],
        [
            32.9915688989,
            -97.1867885381
        ]
    ],
    "Flight_plan_14": [
        [
            32.9466229245,
            -96.6318405474
        ],
        [
            33.0337819238,
            -97.0705762169
        ]
    ],
    "Flight_plan_15": [
        [
            32.7488714744,
            -96.8231793045
        ],
        [
            32.9919036278,
            -97.1870769251
        ]
    ],
    "Flight_plan_16": [
        [
            33.0247283882,
            -96.6964477248
        ],
        [
            32.9024300256,
            -97.2775355245
        ]
    ],
    "Flight_plan_17": [
        [
            33.0269320409,
            -97.103799199
        ],
        [
            32.7082493846,
            -97.3587955744
        ]
    ],
    "Flight_plan_18": [
        [
            33.0203255356,
            -96.612167492
        ],
        [
            33.0475831348,
            -97.0529867949
        ]
    ],
    "Flight_plan_19": [
        [
            33.0333680035,
            -97.0706335675
        ],
        [
            32.9470987208,
            -96.6317593174
        ]
    ],
    "Flight_plan_20": [
        [
            33.0269320409,
            -97.103799199
        ],
        [
            32.7082493846,
            -97.3587955744
        ]
    ],
    "Flight_plan_21": [
        [
            32.7782867072,
            -96.8046464982
        ],
        [
            32.9021868785,
            -97.2777016959
        ]
    ],
    "Flight_plan_22": [
        [
            32.9466229245,
            -96.6318405474
        ],
        [
            32.7505791597,
            -97.0841943544
        ]
    ],
    "Flight_plan_23": [
        [
            32.7081265686,
            -97.3586033542
        ],
        [
            33.0270319203,
            -97.1039357919
        ]
    ],
    "Flight_plan_24": [
        [
            32.9915145209,
            -97.1866644314
        ],
        [
            32.9907091371,
            -96.6611298887
        ]
    ],
    "Flight_plan_25": [
        [
            32.9020118731,
            -97.2774446221
        ],
        [
            33.0251772405,
            -96.6965192808
        ]
    ],
    "Flight_plan_26": [
        [
            32.9915145209,
            -97.1866644314
        ],
        [
            32.7486881917,
            -96.8225350862
        ]
    ],
    "Flight_plan_27": [
        [
            32.7339802341,
            -97.3390998755
        ],
        [
            32.645564851,
            -96.9001308808
        ]
    ],
    "Flight_plan_28": [
        [
            32.9915145209,
            -97.1866644314
        ],
        [
            32.9939316723,
            -96.6370968144
        ]
    ],
    "Flight_plan_29": [
        [
            32.9802402789,
            -96.716773744
        ],
        [
            32.6401225551,
            -96.9515821147
        ]
    ],
    "Flight_plan_30": [
        [
            32.8745450523,
            -97.2982398456
        ],
        [
            32.6453968059,
            -96.8999335272
        ]
    ],
    "Flight_plan_31": [
        [
            32.6756856631,
            -97.4095502941
        ],
        [
            32.9061183861,
            -97.0404952877
        ]
    ],
    "Flight_plan_32": [
        [
            32.6756856631,
            -97.4095502941
        ],
        [
            32.9061183861,
            -97.0404952877
        ]
    ],
    "Flight_plan_33": [
        [
            32.801954546,
            -96.6062218646
        ],
        [
            32.9056390415,
            -97.0408396822
        ]
    ],
    "Flight_plan_34": [
        [
            32.8443092,
            -96.8614056
        ],
        [
            32.7092946744,
            -97.363367833
        ]
    ],
    "Flight_plan_35": [
        [
            33.0203255356,
            -96.612167492
        ],
        [
            32.9062272388,
            -97.0406537444
        ]
    ],
    "Flight_plan_36": [
        [
            32.8443092,
            -96.8614056
        ],
        [
            32.735156866,
            -97.3438902096
        ]
    ],
    "Flight_plan_37": [
        [
            32.801954546,
            -96.6062218646
        ],
        [
            32.9056390415,
            -97.0408396822
        ]
    ],
    "Flight_plan_38": [
        [
            32.9060322,
            -97.0404002
        ],
        [
            32.802880114,
            -96.6058511662
        ]
    ],
    "Flight_plan_39": [
        [
            32.6756856631,
            -97.4095502941
        ],
        [
            32.9061183861,
            -97.0404952877
        ]
    ],
    "Flight_plan_40": [
        [
            32.6756856631,
            -97.4095502941
        ],
        [
            32.9061183861,
            -97.0404952877
        ]
    ],
    "Flight_plan_41": [
        [
            32.9060322,
            -97.0404002
        ],
        [
            32.802880114,
            -96.6058511662
        ]
    ],
    "Flight_plan_42": [
        [
            32.8443092,
            -96.8614056
        ],
        [
            32.735156866,
            -97.3438902096
        ]
    ],
    "Flight_plan_43": [
        [
            32.6756856631,
            -97.4095502941
        ],
        [
            32.9061183861,
            -97.0404952877
        ]
    ],
    "Flight_plan_44": [
        [
            32.6756856631,
            -97.4095502941
        ],
        [
            32.9061183861,
            -97.0404952877
        ]
    ],