{
    "Flight_plan_26": [
        [
            32.9915145209,
            -97.1866644314
        ],
        [
            32.7486881917,
            -96.8225350862
        ]
    ],
    "Flight_plan_27": [
        [
            32.7339802341,
            -97.3390998755
        ],
        [
            32.645564851,
            -96.9001308808
        ]
    ],
    "Flight_plan_28": [
        [
            32.9915145209,
            -97.1866644314
        ],
        [
            32.9939316723,
            -96.6370968144
        ]
    ],
    "Flight_plan_29": [
        [
            32.9802402789,
            -96.716773744
        ],
        [
            32.6401225551,
            -96.9515821147
        ]
    ],
    "Flight_plan_30": [
        [
            32.8745450523,
            -97.2982398456
        ],
        [
            32.6453968059,
            -96.8999335272
        ]
    ]
}