{
    "Flight_plan_16": [
        [
            33.0247283882,
            -96.6964477248
        ],
        [
            32.9024300256,
            -97.2775355245
        ]
    ],
    "Flight_plan_17": [
        [
            33.0269320409,
            -97.103799199
        ],
        [
            32.7082493846,
            -97.3587955744
        ]
    ],
    "Flight_plan_18": [
        [
            33.0203255356,
            -96.612167492
        ],
        [
            33.0475831348,
            -97.0529867949
        ]
    ],
    "Flight_plan_19": [
        [
            33.0333680035,
            -97.0706335675
        ],
        [
            32.9470987208,
            -96.6317593174
        ]
    ],
    "Flight_plan_20": [
        [
            33.0269320409,
            -97.103799199
        ],
        [
            32.7082493846,
            -97.3587955744
        ]
    ]
}