{
    "Flight_plan_1": [
        [
            32.6451586239,
            -96.900192401
        ],
        [
            32.8747416374,
            -97.2980396294
        ]
    ],
    "Flight_plan_2": [
        [
            33.0471788798,
            -97.0530247807
        ],
        [
            33.0207255857,
            -96.6121279792
        ]
    ],
    "Flight_plan_3": [
        [
            32.6451586239,
            -96.900192401
        ],
        [
            32.7344259197,
            -97.3390828244
        ]
    ],
    "Flight_plan_4": [
        [
            32.9902699455,
            -96.6611381227
        ],
        [
            32.9919516082,
            -97.1866838062
        ]
    ],
    "Flight_plan_5": [
        [
            32.8335464415,
            -96.7539956129
        ],
        [
            32.9919113675,
            -97.1869292133
        ]
    ]
}