{
    "Flight_plan_46": [
        [
            32.9060322,
            -97.0404002
        ],
        [
            32.802880114,
            -96.6058511662
        ]
    ],
    "Flight_plan_47": [
        [
            32.6756856631,
            -97.4095502941
        ],
        [
            32.9061183861,
            -97.0404952877
        ]
    ],
    "Flight_plan_48": [
        [
            32.6756856631,
            -97.4095502941
        ],
        [
            32.9061183861,
            -97.0404952877
        ]
    ],
    "Flight_plan_49": [
        [
            32.6756856631,
            -97.4095502941
        ],
        [
            32.9061183861,
            -97.0404952877
        ]
    ],
    "Flight_plan_50": [
        [
            32.6756856631,
            -97.4095502941
        ],
        [
            32.9061183861,
            -97.0404952877
        ]
    ]
}