{
    "Flight_plan_91": [
        [
            32.9934469,
            -97.3133984
        ],
        [
            32.6404548068,
            -96.9510285807
        ]
    ],
    "Flight_plan_92": [
        [
            32.9934469,
            -97.3133984
        ],
        [
            33.0250972635,
            -96.6961510612
        ]
    ],
    "Flight_plan_93": [
        [
            32.9934469,
            -97.3133984
        ],
        [
            32.9938400677,
            -96.6368657183
        ]
    ],
    "Flight_plan_94": [
        [
            32.9060322,
            -97.0404002
        ],
        [
            32.8028580904,
            -96.6058213968
        ]
    ],
    "Flight_plan_95": [
        [
            32.9060322,
            -97.0404002
        ],
        [
            32.8019849394,
            -96.6057660916
        ]
    ]
}