{
    "Flight_plan_41": [
        [
            32.9060322,
            -97.0404002
        ],
        [
            32.802880114,
            -96.6058511662
        ]
    ],
    "Flight_plan_42": [
        [
            32.8443092,
            -96.8614056
        ],
        [
            32.735156866,
            -97.3438902096
        ]
    ],
    "Flight_plan_43": [
        [
            32.6756856631,
            -97.4095502941
        ],
        [
            32.9061183861,
            -97.0404952877
        ]
    ],
    "Flight_plan_44": [
        [
            32.6756856631,
            -97.4095502941
        ],
        [
            32.9061183861,
            -97.0404952877
        ]
    ],
    "Flight_plan_45": [
        [
            32.6756856631,
            -97.4095502941
        ],
        [
            32.9061183861,
            -97.0404952877
        ]
    ]
}