{
    "Flight_plan_51": [
        [
            32.8443092,
            -96.8614056
        ],
        [
            32.7092181574,
            -97.3632879292
        ]
    ],
    "Flight_plan_52": [
        [
            33.0203255356,
            -96.612167492
        ],
        [
            32.9062272388,
            -97.0406537444
        ]
    ],
    "Flight_plan_53": [
        [
            32.6756856631,
            -97.4095502941
        ],
        [
            32.9061183861,
            -97.0404952876
        ]
    ],
    "Flight_plan_54": [
        [
            32.6756856631,
            -97.4095502941
        ],
        [
            32.9061183861,
            -97.0404952876
        ]
    ],
    "Flight_plan_55": [
        [
            32.6756856631,
            -97.4095502941
        ],
        [
            32.9061183861,
            -97.0404952876
        ]
    ]
}